<?xml version="1.0" encoding="UTF-8"?>
<!DOCTYPE mapper PUBLIC "-//mybatis.org//DTD Mapper 3.0//EN" "http://mybatis.org/dtd/mybatis-3-mapper.dtd">
<mapper namespace="com.tianji.auth.mapper.LoginRecordMapper">

    <!-- 通用查询映射结果 -->
    <resultMap id="BaseResultMap" type="com.tianji.auth.domain.po.LoginRecord">
        <id column="id" property="id" />
        <result column="user_id" property="userId" />
        <result column="login_time" property="loginTime" />
        <result column="logout_time" property="logoutTime" />
        <result column="login_date" property="loginDate" />
        <result column="duration" property="duration" />
        <result column="ipv4" property="ipv4" />
    </resultMap>

</mapper>
