<?xml version="1.0" encoding="UTF-8"?>
<!DOCTYPE mapper PUBLIC "-//mybatis.org//DTD Mapper 3.0//EN" "http://mybatis.org/dtd/mybatis-3-mapper.dtd">
<mapper namespace="com.tianji.auth.mapper.RoleMapper">

    <!-- 通用查询映射结果 -->
    <resultMap id="BaseResultMap" type="com.tianji.auth.domain.po.Role">
        <id column="id" property="id" />
        <result column="code" property="code" />
        <result column="desc" property="desc" />
        <result column="is_staff" property="isStaff" />
        <result column="create_time" property="createTime" />
        <result column="update_time" property="updateTime" />
    </resultMap>

</mapper>
