<?xml version="1.0" encoding="UTF-8"?>
<!DOCTYPE mapper PUBLIC "-//mybatis.org//DTD Mapper 3.0//EN" "http://mybatis.org/dtd/mybatis-3-mapper.dtd">
<mapper namespace="com.tianji.course.mapper.CategoryMapper">

    <!-- 通用查询映射结果 -->
    <resultMap id="BaseResultMap" type="com.tianji.course.domain.po.Category">
        <id column="id" property="id" />
        <result column="name" property="name" />
        <result column="parent_id" property="parentId" />
        <result column="level" property="level" />
        <result column="priority" property="priority" />
        <result column="status" property="status" />
        <result column="create_time" property="createTime" />
        <result column="update_time" property="updateTime" />
        <result column="creater" property="creater" />
        <result column="updater" property="updater" />
        <result column="deleted" property="deleted" />
    </resultMap>

</mapper>
