<?xml version="1.0" encoding="UTF-8"?>
<!DOCTYPE mapper PUBLIC "-//mybatis.org//DTD Mapper 3.0//EN" "http://mybatis.org/dtd/mybatis-3-mapper.dtd">
<mapper namespace="com.tianji.course.mapper.CourseContentMapper">

    <!-- 通用查询映射结果 -->
    <resultMap id="BaseResultMap" type="com.tianji.course.domain.po.CourseContent">
        <id column="id" property="id" />
        <result column="course_introduce" property="courseIntroduce" />
        <result column="use_people" property="usePeople" />
        <result column="course_detail" property="courseDetail" />
        <result column="dep_id" property="depId" />
        <result column="create_time" property="createTime" />
        <result column="update_time" property="updateTime" />
        <result column="creater" property="creater" />
        <result column="updater" property="updater" />
        <result column="deleted" property="deleted" />
    </resultMap>

    <!-- 通用查询结果列 -->
    <sql id="Base_Column_List">
        id, course_introduce, use_people, course_detail, dep_id, create_time, update_time, creater, updater, deleted
    </sql>

</mapper>
